schema_version,run_key,experiment,suite,cell_id,function_id,dim,algorithm,variant_id,config_hash,run,seed,budget,evals_used,evals_internal,status,best_f,f_star,error,max_violation,wall_time_s,objective_time_s,n_iterations,n_state_transitions,occ_build_up,occ_control,occ_high_press,occ_chasing,n_counter_attacks,n_substitutions,n_var_rollbacks,n_set_pieces,final_possession_rate
1,main/engineering_WeldedBeam/TFO/full/0,main,engineering,engineering_WeldedBeam,WeldedBeam,0,TFO,full,,0,1319083937,40000,40000,40000,ok,1.7287424931266255,1.7249,0.0038424931266254347,4.163798181811007e-05,5.841717759000062,2.457116764,,,,,,,,,,,
1,main/engineering_WeldedBeam/TFO-static/static/0,main,engineering,engineering_WeldedBeam,WeldedBeam,0,TFO-static,static,,0,1319083937,40000,40000,40000,ok,1.727641428436672,1.7249,0.0027414284366718,0.0,6.209551867999949,2.586330734,,,,,,,,,,,
1,main/engineering_WeldedBeam/CA/default/0,main,engineering,engineering_WeldedBeam,WeldedBeam,0,CA,default,,0,1319083937,40000,39654,,self_terminated,1.7418531426656072,1.7249,0.0169531426656071,0.0,0.8735015080000039,0.207527479,,,,,,,,,,,
1,main/engineering_WeldedBeam/GA/default/0,main,engineering,engineering_WeldedBeam,WeldedBeam,0,GA,default,,0,1319083937,40000,40000,,ok,1.7272550836688443,1.7249,0.0023550836688441823,2.2223612961280725e-06,0.2921837520000281,0.084394721,,,,,,,,,,,
1,main/engineering_WeldedBeam/PSO/default/0,main,engineering,engineering_WeldedBeam,WeldedBeam,0,PSO,default,,0,1319083937,40000,40000,,ok,1.7248518516329598,1.7249,-4.8148367040257156e-05,7.047436085261261e-07,0.12961664499994185,0.08011262,,,,,,,,,,,
1,main/engineering_WeldedBeam/GWO/default/0,main,engineering,engineering_WeldedBeam,WeldedBeam,0,GWO,default,,0,1319083937,40000,40000,,ok,1.7257164002231502,1.7249,0.0008164002231501044,0.0,0.1453700580000259,0.080404998,,,,,,,,,,,
1,main/engineering_WeldedBeam/WOA/default/0,main,engineering,engineering_WeldedBeam,WeldedBeam,0,WOA,default,,0,1319083937,40000,39990,,self_terminated,3.8999883550853074,1.7249,2.1750883550853075,3.637978807091713e-11,5.194057691000012,2.527945397,,,,,,,,,,,
1,main/engineering_WeldedBeam/L-SHADE/default/0,main,engineering,engineering_WeldedBeam,WeldedBeam,0,L-SHADE,default,,0,1319083937,40000,40000,,ok,1.7248518503842087,1.7249,-4.814961579135968e-05,6.769108865101181e-07,5.647052441000028,2.353789255,,,,,,,,,,,
1,main/engineering_WeldedBeam/CMA-ES (IPOP)/default/0,main,engineering,engineering_WeldedBeam,WeldedBeam,0,CMA-ES (IPOP),default,,0,1319083937,40000,40000,,ok,1.7248518503842707,1.7249,-4.8149615729409234e-05,6.767804787699561e-07,2.1918990489999715,0.128113128,,,,,,,,,,,
1,main/engineering_WeldedBeam/GA/default/1,main,engineering,engineering_WeldedBeam,WeldedBeam,0,GA,default,,1,1133292715,40000,40000,,ok,1.7279153867840957,1.7249,0.0030153867840956305,0.0,0.34475840200002494,0.0987378,,,,,,,,,,,
1,main/engineering_WeldedBeam/PSO/default/1,main,engineering,engineering_WeldedBeam,WeldedBeam,0,PSO,default,,1,1133292715,40000,40000,,ok,1.7248518522506728,1.7249,-4.814774932726529e-05,7.199430937243623e-07,0.1395092279999517,0.086028769,,,,,,,,,,,
1,main/engineering_WeldedBeam/GWO/default/1,main,engineering,engineering_WeldedBeam,WeldedBeam,0,GWO,default,,1,1133292715,40000,40000,,ok,1.7262384772860346,1.7249,0.001338477286034534,0.0,0.16136964399993303,0.087897618,,,,,,,,,,,
1,main/engineering_WeldedBeam/CA/default/1,main,engineering,engineering_WeldedBeam,WeldedBeam,0,CA,default,,1,1133292715,40000,39954,,self_terminated,1.7248518626719567,1.7249,-4.8137328043429406e-05,7.342225328554886e-07,0.9573542029997952,0.22565906,,,,,,,,,,,
1,main/engineering_WeldedBeam/TFO-static/static/1,main,engineering,engineering_WeldedBeam,WeldedBeam,0,TFO-static,static,,1,1133292715,40000,40000,40000,ok,1.7351214633871574,1.7249,0.010221463387157348,0.0,6.02220685400016,2.603442127,,,,,,,,,,,
1,main/engineering_WeldedBeam/TFO/full/1,main,engineering,engineering_WeldedBeam,WeldedBeam,0,TFO,full,,1,1133292715,40000,40000,40000,ok,1.7395103595136796,1.7249,0.014610359513679505,0.0,6.184457906999796,2.577575796,,,,,,,,,,,
1,main/engineering_WeldedBeam/WOA/default/1,main,engineering,engineering_WeldedBeam,WeldedBeam,0,WOA,default,,1,1133292715,40000,39990,,self_terminated,4.185081963245675,1.7249,2.4601819632456747,6.184563972055912e-11,5.650279709000188,2.752332181,,,,,,,,,,,
1,main/engineering_WeldedBeam/L-SHADE/default/1,main,engineering,engineering_WeldedBeam,WeldedBeam,0,L-SHADE,default,,1,1133292715,40000,40000,,ok,1.724851850384209,1.7249,-4.8149615791137634e-05,6.769122897209989e-07,5.819104079000226,2.420067127,,,,,,,,,,,
1,main/engineering_WeldedBeam/CA/default/2,main,engineering,engineering_WeldedBeam,WeldedBeam,0,CA,default,,2,1424397198,40000,39697,,self_terminated,1.7248592710349206,1.7249,-4.0728965079450674e-05,0.0,0.9104308000000856,0.216097703,,,,,,,,,,,
1,main/engineering_WeldedBeam/CMA-ES (IPOP)/default/1,main,engineering,engineering_WeldedBeam,WeldedBeam,0,CMA-ES (IPOP),default,,1,1133292715,40000,40000,,ok,1.7248518503843302,1.7249,-4.814961566990128e-05,6.768369804621699e-07,1.8694053760000315,0.113856593,,,,,,,,,,,
1,main/engineering_WeldedBeam/GA/default/2,main,engineering,engineering_WeldedBeam,WeldedBeam,0,GA,default,,2,1424397198,40000,40000,,ok,1.7260506687317074,1.7249,0.0011506687317073272,0.0,0.31541028399988136,0.091701549,,,,,,,,,,,
1,main/engineering_WeldedBeam/PSO/default/2,main,engineering,engineering_WeldedBeam,WeldedBeam,0,PSO,default,,2,1424397198,40000,40000,,ok,1.7248518525501244,1.7249,-4.814744987569064e-05,7.15654924238196e-07,0.14014667400033431,0.086455599,,,,,,,,,,,
1,main/engineering_WeldedBeam/GWO/default/2,main,engineering,engineering_WeldedBeam,WeldedBeam,0,GWO,default,,2,1424397198,40000,40000,,ok,1.725424998513382,1.7249,0.0005249985133819468,0.0,0.20987530100001095,0.114641704,,,,,,,,,,,
1,main/engineering_WeldedBeam/TFO/full/2,main,engineering,engineering_WeldedBeam,WeldedBeam,0,TFO,full,,2,1424397198,40000,40000,40000,ok,1.7456533867957038,1.7249,0.02075338679570371,0.0,6.0379842850002206,2.516812907,,,,,,,,,,,
1,main/engineering_WeldedBeam/TFO-static/static/2,main,engineering,engineering_WeldedBeam,WeldedBeam,0,TFO-static,static,,2,1424397198,40000,40000,40000,ok,1.729657522361874,1.7249,0.004757522361873878,0.0,6.113750749000246,2.575504162,,,,,,,,,,,
1,main/engineering_WeldedBeam/WOA/default/2,main,engineering,engineering_WeldedBeam,WeldedBeam,0,WOA,default,,2,1424397198,40000,39990,,self_terminated,4.870475378082607,1.7249,3.145575378082607,3.637978807091713e-11,5.425751448000028,2.639144568,,,,,,,,,,,
1,main/engineering_WeldedBeam/L-SHADE/default/2,main,engineering,engineering_WeldedBeam,WeldedBeam,0,L-SHADE,default,,2,1424397198,40000,40000,,ok,1.7248518503842087,1.7249,-4.814961579135968e-05,6.769086524083257e-07,6.042328302999977,2.491502827,,,,,,,,,,,
1,main/engineering_WeldedBeam/CMA-ES (IPOP)/default/2,main,engineering,engineering_WeldedBeam,WeldedBeam,0,CMA-ES (IPOP),default,,2,1424397198,40000,40000,,ok,1.724851850384279,1.7249,-4.8149615721193584e-05,6.769047447563459e-07,2.234632873999999,0.122404132,,,,,,,,,,,
1,main/engineering_WeldedBeam/GA/default/3,main,engineering,engineering_WeldedBeam,WeldedBeam,0,GA,default,,3,1338281732,40000,40000,,ok,1.7276586772679283,1.7249,0.0027586772679282223,0.0,0.31338073999995686,0.090777795,,,,,,,,,,,
1,main/engineering_WeldedBeam/PSO/default/3,main,engineering,engineering_WeldedBeam,WeldedBeam,0,PSO,default,,3,1338281732,40000,40000,,ok,1.7248518657079637,1.7249,-4.813429203642805e-05,8.003569919312614e-07,0.13848147699991387,0.085534204,,,,,,,,,,,
1,main/engineering_WeldedBeam/GWO/default/3,main,engineering,engineering_WeldedBeam,WeldedBeam,0,GWO,default,,3,1338281732,40000,40000,,ok,1.7259237840358563,1.7249,0.0010237840358562345,0.0,0.1503964969997469,0.082833567,,,,,,,,,,,
1,main/engineering_WeldedBeam/CA/default/3,main,engineering,engineering_WeldedBeam,WeldedBeam,0,CA,default,,3,1338281732,40000,39620,,self_terminated,1.9105765330388782,1.7249,0.1856765330388781,6.661940340491057e-07,0.8868023370000628,0.21097134,,,,,,,,,,,
1,main/engineering_WeldedBeam/TFO/full/3,main,engineering,engineering_WeldedBeam,WeldedBeam,0,TFO,full,,3,1338281732,40000,40000,40000,ok,1.7402160271021991,1.7249,0.015316027102199037,0.0,6.222068619999845,2.594811696,,,,,,,,,,,
1,main/engineering_WeldedBeam/TFO-static/static/3,main,engineering,engineering_WeldedBeam,WeldedBeam,0,TFO-static,static,,3,1338281732,40000,40000,40000,ok,1.7323347324571965,1.7249,0.007434732457196391,0.0,6.026216420999845,2.543015732,,,,,,,,,,,
1,main/engineering_WeldedBeam/WOA/default/3,main,engineering,engineering_WeldedBeam,WeldedBeam,0,WOA,default,,3,1338281732,40000,39990,,self_terminated,3.3147426939131464,1.7249,1.5898426939131463,2.546585164964199e-11,5.4789950760000465,2.674322979,,,,,,,,,,,
1,main/engineering_WeldedBeam/CMA-ES (IPOP)/default/3,main,engineering,engineering_WeldedBeam,WeldedBeam,0,CMA-ES (IPOP),default,,3,1338281732,40000,40000,,ok,1.7248518503843409,1.7249,-4.814961565924314e-05,6.769844582699136e-07,2.0187665819998983,0.120067844,,,,,,,,,,,
1,main/engineering_WeldedBeam/L-SHADE/default/3,main,engineering,engineering_WeldedBeam,WeldedBeam,0,L-SHADE,default,,3,1338281732,40000,40000,,ok,1.7248518503842087,1.7249,-4.814961579135968e-05,6.769132863682081e-07,5.839919734999967,2.442848369,,,,,,,,,,,
1,main/engineering_WeldedBeam/GA/default/4,main,engineering,engineering_WeldedBeam,WeldedBeam,0,GA,default,,4,1688989833,40000,40000,,ok,1.7445359148792803,1.7249,0.01963591487928018,0.0,0.312977384000078,0.089786965,,,,,,,,,,,
1,main/engineering_WeldedBeam/PSO/default/4,main,engineering,engineering_WeldedBeam,WeldedBeam,0,PSO,default,,4,1688989833,40000,40000,,ok,1.7248518555375632,1.7249,-4.814446243694981e-05,6.051240186988327e-07,0.1391678109998793,0.086324413,,,,,,,,,,,
1,main/engineering_WeldedBeam/CA/default/4,main,engineering,engineering_WeldedBeam,WeldedBeam,0,CA,default,,4,1688989833,40000,39945,,self_terminated,1.7248518717324661,1.7249,-4.812826753397559e-05,6.379902717790209e-07,0.7996737809999104,0.195436138,,,,,,,,,,,
1,main/engineering_WeldedBeam/GWO/default/4,main,engineering,engineering_WeldedBeam,WeldedBeam,0,GWO,default,,4,1688989833,40000,40000,,ok,1.7292741502562503,1.7249,0.004374150256250209,0.0,0.1583629949996066,0.08771513,,,,,,,,,,,
1,main/engineering_WeldedBeam/TFO/full/4,main,engineering,engineering_WeldedBeam,WeldedBeam,0,TFO,full,,4,1688989833,40000,40000,40000,ok,1.7465695026021435,1.7249,0.021669502602143398,0.0,6.434666867000033,2.685432359,,,,,,,,,,,
1,main/engineering_WeldedBeam/TFO-static/static/4,main,engineering,engineering_WeldedBeam,WeldedBeam,0,TFO-static,static,,4,1688989833,40000,40000,40000,ok,1.7453883918858357,1.7249,0.020488391885835622,0.0,6.091420845999892,2.566104513,,,,,,,,,,,
1,main/engineering_WeldedBeam/WOA/default/4,main,engineering,engineering_WeldedBeam,WeldedBeam,0,WOA,default,,4,1688989833,40000,39990,,self_terminated,3.7772994167832334,1.7249,2.052399416783233,4.3655745685100555e-11,5.5382499710003685,2.699363531,,,,,,,,,,,
1,main/engineering_WeldedBeam/L-SHADE/default/4,main,engineering,engineering_WeldedBeam,WeldedBeam,0,L-SHADE,default,,4,1688989833,40000,40000,,ok,1.7248518503842087,1.7249,-4.814961579135968e-05,6.769120303729004e-07,6.243103669999982,2.588145531,,,,,,,,,,,
1,main/engineering_WeldedBeam/CMA-ES (IPOP)/default/4,main,engineering,engineering_WeldedBeam,WeldedBeam,0,CMA-ES (IPOP),default,,4,1688989833,40000,40000,,ok,1.7248518503842762,1.7249,-4.814961572385812e-05,6.769475799084379e-07,2.071132014000341,0.120667321,,,,,,,,,,,
1,main/engineering_PressureVessel/GA/default/0,main,engineering,engineering_PressureVessel,PressureVessel,0,GA,default,,0,1319083937,40000,40000,,ok,6485.035401623332,5885.33,599.7054016233324,0.003490049458647504,0.285731842000132,0.05346372,,,,,,,,,,,
1,main/engineering_PressureVessel/PSO/default/0,main,engineering,engineering_PressureVessel,PressureVessel,0,PSO,default,,0,1319083937,40000,40000,,ok,5935.499207340228,5885.33,50.16920734022824,0.0036678573551406357,0.09334014300020499,0.044843542,,,,,,,,,,,
1,main/engineering_PressureVessel/GWO/default/0,main,engineering,engineering_PressureVessel,PressureVessel,0,GWO,default,,0,1319083937,40000,40000,,ok,5788.554768437842,5885.33,-96.7752315621583,0.0034413204054493107,0.13595442099995125,0.055210359,,,,,,,,,,,
1,main/engineering_PressureVessel/CA/default/0,main,engineering,engineering_PressureVessel,PressureVessel,0,CA,default,,0,1319083937,40000,39518,,self_terminated,5807.458343657479,5885.33,-77.87165634252051,0.0033005996387175385,0.7248133019998022,0.107440773,,,,,,,,,,,
1,main/engineering_PressureVessel/WOA/default/0,main,engineering,engineering_PressureVessel,PressureVessel,0,WOA,default,,0,1319083937,40000,39990,,self_terminated,6393.9495478844365,5885.33,508.61954788443654,0.003548485868284379,4.121122526999898,1.49509588,,,,,,,,,,,
1,main/engineering_PressureVessel/TFO-static/static/0,main,engineering,engineering_PressureVessel,PressureVessel,0,TFO-static,static,,0,1319083937,40000,40000,40000,ok,5819.841064511808,5885.33,-65.4889354881916,0.003543730144974,4.777705796000191,1.406512379,,,,,,,,,,,
1,main/engineering_PressureVessel/TFO/full/0,main,engineering,engineering_PressureVessel,PressureVessel,0,TFO,full,,0,1319083937,40000,40000,40000,ok,5805.895144972845,5885.33,-79.43485502715521,0.005765369387590535,4.872933632999775,1.429430633,,,,,,,,,,,
1,main/engineering_PressureVessel/L-SHADE/default/0,main,engineering,engineering_PressureVessel,PressureVessel,0,L-SHADE,default,,0,1319083937,40000,40000,,ok,5787.49326298684,5885.33,-97.83673701316002,0.003906843730778431,4.779627510999944,1.310331597,,,,,,,,,,,
1,main/engineering_PressureVessel/CA/default/1,main,engineering,engineering_PressureVessel,PressureVessel,0,CA,default,,1,1133292715,40000,39425,,self_terminated,5905.579132743983,5885.33,20.249132743982955,0.0035312792444543994,0.8349865000000136,0.116649772,,,,,,,,,,,
1,main/engineering_PressureVessel/GA/default/1,main,engineering,engineering_PressureVessel,PressureVessel,0,GA,default,,1,1133292715,40000,40000,,ok,6241.85551996189,5885.33,356.5255199618905,0.0033571379814391067,0.2601482320001196,0.048346893,,,,,,,,,,,
1,main/engineering_PressureVessel/PSO/default/1,main,engineering,engineering_PressureVessel,PressureVessel,0,PSO,default,,1,1133292715,40000,40000,,ok,5963.758254813528,5885.33,78.42825481352793,0.003106773214635039,0.09047810300035053,0.043550666,,,,,,,,,,,
1,main/engineering_PressureVessel/GWO/default/1,main,engineering,engineering_PressureVessel,PressureVessel,0,GWO,default,,1,1133292715,40000,40000,,ok,5788.700696175649,5885.33,-96.62930382435115,0.0037568223912726184,0.10547966499962058,0.042446529,,,,,,,,,,,
1,main/engineering_PressureVessel/CMA-ES (IPOP)/default/0,main,engineering,engineering_PressureVessel,PressureVessel,0,CMA-ES (IPOP),default,,0,1319083937,40000,40000,,ok,5787.522128017582,5885.33,-97.80787198241796,0.003887411466125368,2.613876746999722,0.115986747,,,,,,,,,,,
1,main/engineering_PressureVessel/TFO/full/1,main,engineering,engineering_PressureVessel,PressureVessel,0,TFO,full,,1,1133292715,40000,40000,40000,ok,5811.939817055727,5885.33,-73.39018294427296,0.00330051837969203,4.622734019999825,1.373619941,,,,,,,,,,,
1,main/engineering_PressureVessel/TFO-static/static/1,main,engineering,engineering_PressureVessel,PressureVessel,0,TFO-static,static,,1,1133292715,40000,40000,40000,ok,5802.079469683699,5885.33,-83.25053031630068,0.002239054161630616,4.74338916600027,1.437949692,,,,,,,,,,,
1,main/engineering_PressureVessel/WOA/default/1,main,engineering,engineering_PressureVessel,PressureVessel,0,WOA,default,,1,1133292715,40000,39990,,self_terminated,8884.879134589875,5885.33,2999.5491345898754,0.007262403180124721,3.9900315120003143,1.435176987,,,,,,,,,,,
1,main/engineering_PressureVessel/L-SHADE/default/1,main,engineering,engineering_PressureVessel,PressureVessel,0,L-SHADE,default,,1,1133292715,40000,40000,,ok,5787.49326298684,5885.33,-97.83673701316002,0.003906843409900884,4.389375727999777,1.22294835,,,,,,,,,,,
1,main/engineering_PressureVessel/CMA-ES (IPOP)/default/1,main,engineering,engineering_PressureVessel,PressureVessel,0,CMA-ES (IPOP),default,,1,1133292715,40000,40000,,ok,5787.6539548984765,5885.33,-97.67604510152341,0.003925013464049942,2.731294111999887,0.113660471,,,,,,,,,,,
1,main/engineering_PressureVessel/CA/default/2,main,engineering,engineering_PressureVessel,PressureVessel,0,CA,default,,2,1424397198,40000,39816,,self_terminated,5787.493262986841,5885.33,-97.83673701315911,0.003906843185758735,0.6746846579999328,0.099035786,,,,,,,,,,,
1,main/engineering_PressureVessel/GA/default/2,main,engineering,engineering_PressureVessel,PressureVessel,0,GA,default,,2,1424397198,40000,40000,,ok,6072.448548621214,5885.33,187.11854862121436,0.0030935195368279045,0.26087193500006833,0.049300476,,,,,,,,,,,
1,main/engineering_PressureVessel/PSO/default/2,main,engineering,engineering_PressureVessel,PressureVessel,0,PSO,default,,2,1424397198,40000,40000,,ok,5896.041549338756,5885.33,10.711549338756413,0.0030074710130807425,0.09008460899985948,0.043812199,,,,,,,,,,,
1,main/engineering_PressureVessel/GWO/default/2,main,engineering,engineering_PressureVessel,PressureVessel,0,GWO,default,,2,1424397198,40000,40000,,ok,5787.9634823953975,5885.33,-97.36651760460245,0.003994686501412437,0.1508743509998567,0.05822467,,,,,,,,,,,
1,main/engineering_PressureVessel/TFO/full/2,main,engineering,engineering_PressureVessel,PressureVessel,0,TFO,full,,2,1424397198,40000,40000,40000,ok,5805.373288467839,5885.33,-79.95671153216063,0.0020044517177848498,4.507022696999684,1.348246283,,,,,,,,,,,
1,main/engineering_PressureVessel/TFO-static/static/2,main,engineering,engineering_PressureVessel,PressureVessel,0,TFO-static,static,,2,1424397198,40000,40000,40000,ok,5820.145056070288,5885.33,-65.18494392971206,0.006058613692478065,4.563649343000179,1.347606218,,,,,,,,,,,
1,main/engineering_PressureVessel/WOA/default/2,main,engineering,engineering_PressureVessel,PressureVessel,0,WOA,default,,2,1424397198,40000,39990,,self_terminated,7846.9584983801615,5885.33,1961.6284983801615,0.024309521436212678,4.111066626999673,1.480384128,,,,,,,,,,,
1,main/engineering_PressureVessel/CMA-ES (IPOP)/default/2,main,engineering,engineering_PressureVessel,PressureVessel,0,CMA-ES (IPOP),default,,2,1424397198,40000,40000,,ok,5787.494163133267,5885.33,-97.83583686673319,0.0039003532374435324,2.745391581000149,0.124788129,,,,,,,,,,,
1,main/engineering_PressureVessel/L-SHADE/default/2,main,engineering,engineering_PressureVessel,PressureVessel,0,L-SHADE,default,,2,1424397198,40000,40000,,ok,5787.49326298684,5885.33,-97.83673701316002,0.0039068434410598485,4.571037230999991,1.273112502,,,,,,,,,,,
1,main/engineering_PressureVessel/GA/default/3,main,engineering,engineering_PressureVessel,PressureVessel,0,GA,default,,3,1338281732,40000,40000,,ok,6538.733068333334,5885.33,653.403068333334,0.0025329454960993925,0.27049138300026243,0.049492792,,,,,,,,,,,
1,main/engineering_PressureVessel/PSO/default/3,main,engineering,engineering_PressureVessel,PressureVessel,0,PSO,default,,3,1338281732,40000,40000,,ok,6024.410358657658,5885.33,139.0803586576585,0.0026278522690459383,0.09478389199966841,0.044923455,,,,,,,,,,,
1,main/engineering_PressureVessel/GWO/default/3,main,engineering,engineering_PressureVessel,PressureVessel,0,GWO,default,,3,1338281732,40000,40000,,ok,5787.927816656023,5885.33,-97.4021833439765,0.0038510796233316436,0.11086744300018836,0.044450603,,,,,,,,,,,
1,main/engineering_PressureVessel/CA/default/3,main,engineering,engineering_PressureVessel,PressureVessel,0,CA,default,,3,1338281732,40000,39443,,self_terminated,5788.070300017476,5885.33,-97.25969998252367,0.003887198999229957,0.7338254359997336,0.104998859,,,,,,,,,,,
1,main/engineering_PressureVessel/TFO/full/3,main,engineering,engineering_PressureVessel,PressureVessel,0,TFO,full,,3,1338281732,40000,40000,40000,ok,5838.1152411158055,5885.33,-47.21475888419445,0.004590945541082414,4.688294971999767,1.381912816,,,,,,,,,,,
1,main/engineering_PressureVessel/TFO-static/static/3,main,engineering,engineering_PressureVessel,PressureVessel,0,TFO-static,static,,3,1338281732,40000,40000,40000,ok,5827.867188723737,5885.33,-57.46281127626298,0.001489994164673103,4.887664190999658,1.45295301,,,,,,,,,,,
1,main/engineering_PressureVessel/WOA/default/3,main,engineering,engineering_PressureVessel,PressureVessel,0,WOA,default,,3,1338281732,40000,39990,,self_terminated,12629.314418349926,5885.33,6743.984418349926,0.0023442832277797976,4.363166310999986,1.538897132,,,,,,,,,,,
1,main/engineering_PressureVessel/L-SHADE/default/3,main,engineering,engineering_PressureVessel,PressureVessel,0,L-SHADE,default,,3,1338281732,40000,40000,,ok,5787.493262986841,5885.33,-97.83673701315911,0.003906843813412553,4.815185124999971,1.323892998,,,,,,,,,,,
1,main/engineering_PressureVessel/CMA-ES (IPOP)/default/3,main,engineering,engineering_PressureVessel,PressureVessel,0,CMA-ES (IPOP),default,,3,1338281732,40000,40000,,ok,5787.51259263913,5885.33,-97.81740736086977,0.003915627324703963,2.8911038880000888,0.126199141,,,,,,,,,,,
1,main/engineering_PressureVessel/GA/default/4,main,engineering,engineering_PressureVessel,PressureVessel,0,GA,default,,4,1688989833,40000,40000,,ok,6766.433291244103,5885.33,881.1032912441033,0.003211756623951123,0.2600254489998406,0.048069522,,,,,,,,,,,
1,main/engineering_PressureVessel/PSO/default/4,main,engineering,engineering_PressureVessel,PressureVessel,0,PSO,default,,4,1688989833,40000,40000,,ok,6096.260687358306,5885.33,210.9306873583064,0.002764685108881171,0.09210976600024878,0.044197466,,,,,,,,,,,
1,main/engineering_PressureVessel/CA/default/4,main,engineering,engineering_PressureVessel,PressureVessel,0,CA,default,,4,1688989833,40000,39602,,self_terminated,5811.927524632114,5885.33,-73.40247536788593,0.0031976802014047623,0.8786345489997984,0.124442015,,,,,,,,,,,
1,main/engineering_PressureVessel/GWO/default/4,main,engineering,engineering_PressureVessel,PressureVessel,0,GWO,default,,4,1688989833,40000,40000,,ok,5788.519412245858,5885.33,-96.81058775414203,0.003414963257647119,0.16926200399984737,0.067359128,,,,,,,,,,,
1,main/engineering_PressureVessel/TFO/full/4,main,engineering,engineering_PressureVessel,PressureVessel,0,TFO,full,,4,1688989833,40000,40000,40000,ok,5817.063274976764,5885.33,-68.26672502323618,0.0038001677933050537,4.924852829999963,1.449542603,,,,,,,,,,,
1,main/engineering_PressureVessel/TFO-static/static/4,main,engineering,engineering_PressureVessel,PressureVessel,0,TFO-static,static,,4,1688989833,40000,40000,40000,ok,5807.191728222692,5885.33,-78.13827177730764,0.003277327499531524,4.996779139999944,1.480305983,,,,,,,,,,,
1,main/engineering_PressureVessel/WOA/default/4,main,engineering,engineering_PressureVessel,PressureVessel,0,WOA,default,,4,1688989833,40000,39990,,self_terminated,6971.060252199222,5885.33,1085.7302521992224,0.002583399215231541,4.305943238000054,1.534099595,,,,,,,,,,,
1,main/engineering_PressureVessel/L-SHADE/default/4,main,engineering,engineering_PressureVessel,PressureVessel,0,L-SHADE,default,,4,1688989833,40000,40000,,ok,5787.493262986841,5885.33,-97.83673701315911,0.0039068436485190094,4.580277931999717,1.276634608,,,,,,,,,,,
1,main/engineering_PressureVessel/CMA-ES (IPOP)/default/4,main,engineering,engineering_PressureVessel,PressureVessel,0,CMA-ES (IPOP),default,,4,1688989833,40000,40000,,ok,5787.6533622493125,5885.33,-97.6766377506874,0.0038944426741084337,2.7574452989997553,0.123852719,,,,,,,,,,,
1,main/engineering_SpeedReducer/GA/default/0,main,engineering,engineering_SpeedReducer,SpeedReducer,0,GA,default,,0,1319083937,70000,70000,,ok,2993.6342578355825,2994.47,-0.8357421644172973,0.0006864409782956216,0.6849287909999475,0.205310411,,,,,,,,,,,
1,main/engineering_SpeedReducer/PSO/default/0,main,engineering,engineering_SpeedReducer,SpeedReducer,0,PSO,default,,0,1319083937,70000,70000,,ok,3006.6266607433354,2994.47,12.156660743335578,0.0006864375289654667,0.2666680870001983,0.172375299,,,,,,,,,,,
1,main/engineering_SpeedReducer/GWO/default/0,main,engineering,engineering_SpeedReducer,SpeedReducer,0,GWO,default,,0,1319083937,70000,70000,,ok,2997.436566278821,2994.47,2.9665662788211193,0.0007289781555628316,0.31845562499984226,0.178230635,,,,,,,,,,,
1,main/engineering_SpeedReducer/CA/default/0,main,engineering,engineering_SpeedReducer,SpeedReducer,0,CA,default,,0,1319083937,70000,70000,,ok,2993.634257835224,2994.47,-0.8357421647756382,0.0006864443211367366,1.5639142279997031,0.410255113,,,,,,,,,,,
1,main/engineering_SpeedReducer/TFO/full/0,main,engineering,engineering_SpeedReducer,SpeedReducer,0,TFO,full,,0,1319083937,70000,70000,70000,ok,2993.6549579731663,2994.47,-0.8150420268334528,0.0007784853180268225,11.823166570000012,5.227552015,,,,,,,,,,,
1,main/engineering_SpeedReducer/TFO-static/static/0,main,engineering,engineering_SpeedReducer,SpeedReducer,0,TFO-static,static,,0,1319083937,70000,70000,70000,ok,2994.1298526728197,2994.47,-0.34014732718014784,0.0007211200901870995,12.038860085000124,5.233734285,,,,,,,,,,,
1,main/engineering_SpeedReducer/WOA/default/0,main,engineering,engineering_SpeedReducer,SpeedReducer,0,WOA,default,,0,1319083937,70000,69990,,self_terminated,2993.6342578352733,2994.47,-0.8357421647265255,0.0006864400180117691,10.916870798000218,5.299139925,,,,,,,,,,,
1,main/engineering_SpeedReducer/L-SHADE/default/0,main,engineering,engineering_SpeedReducer,SpeedReducer,0,L-SHADE,default,,0,1319083937,70000,70000,,ok,2993.634257835224,2994.47,-0.8357421647756382,0.0006864442748053534,12.163321456000176,4.995881107,,,,,,,,,,,
1,main/engineering_SpeedReducer/CA/default/1,main,engineering,engineering_SpeedReducer,SpeedReducer,0,CA,default,,1,1133292715,70000,70000,,ok,2993.6342578352246,2994.47,-0.8357421647751835,0.0006864442692242623,1.5389038429998436,0.403431362,,,,,,,,,,,
1,main/engineering_SpeedReducer/CMA-ES (IPOP)/default/0,main,engineering,engineering_SpeedReducer,SpeedReducer,0,CMA-ES (IPOP),default,,0,1319083937,70000,70000,,ok,2993.6342578352246,2994.47,-0.8357421647751835,0.0006864444143968029,3.818634643000223,0.12572717,,,,,,,,,,,
1,main/engineering_SpeedReducer/GA/default/1,main,engineering,engineering_SpeedReducer,SpeedReducer,0,GA,default,,1,1133292715,70000,70000,,ok,2993.63425783523,2994.47,-0.8357421647697265,0.0006864462828892748,0.5572479630000089,0.174499314,,,,,,,,,,,
1,main/engineering_SpeedReducer/PSO/default/1,main,engineering,engineering_SpeedReducer,SpeedReducer,0,PSO,default,,1,1133292715,70000,70000,,ok,3046.3773776209187,2994.47,51.90737762091885,0.0005620246246655913,0.27921675400011736,0.174998883,,,,,,,,,,,
1,main/engineering_SpeedReducer/GWO/default/1,main,engineering,engineering_SpeedReducer,SpeedReducer,0,GWO,default,,1,1133292715,70000,70000,,ok,2994.532155153682,2994.47,0.06215515368239721,0.0006833862926847178,0.3074769280001419,0.173174379,,,,,,,,,,,
1,main/engineering_SpeedReducer/TFO-static/static/1,main,engineering,engineering_SpeedReducer,SpeedReducer,0,TFO-static,static,,1,1133292715,70000,70000,70000,ok,2993.6559035917835,2994.47,-0.8140964082163009,0.0007303018926729798,11.528793548000067,5.109507685,,,,,,,,,,,
1,main/engineering_SpeedReducer/TFO/full/1,main,engineering,engineering_SpeedReducer,SpeedReducer,0,TFO,full,,1,1133292715,70000,70000,70000,ok,2993.7829291018634,2994.47,-0.687070898136426,0.0007368693514739899,11.872589495000284,5.257794302,,,,,,,,,,,
1,main/engineering_SpeedReducer/WOA/default/1,main,engineering,engineering_SpeedReducer,SpeedReducer,0,WOA,default,,1,1133292715,70000,69990,,self_terminated,2993.6342578352615,2994.47,-0.835742164738349,0.0006864500324608169,11.096233400000074,5.37086618,,,,,,,,,,,
1,main/engineering_SpeedReducer/CMA-ES (IPOP)/default/1,main,engineering,engineering_SpeedReducer,SpeedReducer,0,CMA-ES (IPOP),default,,1,1133292715,70000,70000,,ok,2993.634257835224,2994.47,-0.8357421647756382,0.000686443931458669,3.508870401999957,0.124445466,,,,,,,,,,,
1,main/engineering_SpeedReducer/L-SHADE/default/1,main,engineering,engineering_SpeedReducer,SpeedReducer,0,L-SHADE,default,,1,1133292715,70000,70000,,ok,2993.634257835224,2994.47,-0.8357421647756382,0.0006864441851761605,12.188154062000194,4.982282689,,,,,,,,,,,
1,main/engineering_SpeedReducer/CA/default/2,main,engineering,engineering_SpeedReducer,SpeedReducer,0,CA,default,,2,1424397198,70000,70000,,ok,2993.634257835224,2994.47,-0.8357421647756382,0.0006864442967371431,1.6468844510000054,0.428472248,,,,,,,,,,,
1,main/engineering_SpeedReducer/GA/default/2,main,engineering,engineering_SpeedReducer,SpeedReducer,0,GA,default,,2,1424397198,70000,70000,,ok,2993.634257835225,2994.47,-0.8357421647747287,0.0006864442128595716,0.6095618589997684,0.197853557,,,,,,,,,,,
1,main/engineering_SpeedReducer/PSO/default/2,main,engineering,engineering_SpeedReducer,SpeedReducer,0,PSO,default,,2,1424397198,70000,70000,,ok,2993.634257835224,2994.47,-0.8357421647756382,0.0006864443146263888,0.27895971999987523,0.178083062,,,,,,,,,,,
1,main/engineering_SpeedReducer/GWO/default/2,main,engineering,engineering_SpeedReducer,SpeedReducer,0,GWO,default,,2,1424397198,70000,70000,,ok,2996.7408098878764,2994.47,2.270809887876567,0.0006958797767595559,0.30974644500020077,0.172805458,,,,,,,,,,,
1,main/engineering_SpeedReducer/TFO/full/2,main,engineering,engineering_SpeedReducer,SpeedReducer,0,TFO,full,,2,1424397198,70000,70000,70000,ok,2993.6934226571857,2994.47,-0.7765773428141074,0.0006019678102955339,11.410980974999802,5.081373547,,,,,,,,,,,
1,main/engineering_SpeedReducer/CMA-ES (IPOP)/default/2,main,engineering,engineering_SpeedReducer,SpeedReducer,0,CMA-ES (IPOP),default,,2,1424397198,70000,70000,,ok,2993.6342578352246,2994.47,-0.8357421647751835,0.0006864445437702038,3.444471845999942,0.115343361,,,,,,,,,,,
1,main/engineering_SpeedReducer/TFO-static/static/2,main,engineering,engineering_SpeedReducer,SpeedReducer,0,TFO-static,static,,2,1424397198,70000,70000,70000,ok,2993.7771791124665,2994.47,-0.6928208875333439,0.0006978900737668603,11.872925720999774,5.167800186,,,,,,,,,,,
1,main/engineering_SpeedReducer/WOA/default/2,main,engineering,engineering_SpeedReducer,SpeedReducer,0,WOA,default,,2,1424397198,70000,69990,,self_terminated,2993.634309893962,2994.47,-0.8356901060378732,0.0006864416922875982,10.871873519000019,5.336168417,,,,,,,,,,,
1,main/engineering_SpeedReducer/L-SHADE/default/2,main,engineering,engineering_SpeedReducer,SpeedReducer,0,L-SHADE,default,,2,1424397198,70000,70000,,ok,2993.634257835224,2994.47,-0.8357421647756382,0.0006864440246636683,11.888601770999685,4.890564116,,,,,,,,,,,
1,main/engineering_SpeedReducer/CA/default/3,main,engineering,engineering_SpeedReducer,SpeedReducer,0,CA,default,,3,1338281732,70000,70000,,ok,2993.634257835224,2994.47,-0.8357421647756382,0.0006864439411005119,1.4500692749998052,0.389049768,,,,,,,,,,,
1,main/engineering_SpeedReducer/GA/default/3,main,engineering,engineering_SpeedReducer,SpeedReducer,0,GA,default,,3,1338281732,70000,70000,,ok,2993.634257835226,2994.47,-0.8357421647738192,0.0006864441368013008,0.59190459499996,0.18317341,,,,,,,,,,,
1,main/engineering_SpeedReducer/PSO/default/3,main,engineering,engineering_SpeedReducer,SpeedReducer,0,PSO,default,,3,1338281732,70000,70000,,ok,3202.3819068024327,2994.47,207.9119068024329,0.0005791169937741092,0.2798412379997899,0.180592575,,,,,,,,,,,
1,main/engineering_SpeedReducer/GWO/default/3,main,engineering,engineering_SpeedReducer,SpeedReducer,0,GWO,default,,3,1338281732,70000,70000,,ok,2999.2023534748982,2994.47,4.732353474898446,0.0006636669164175046,0.3202016499999445,0.180117566,,,,,,,,,,,
1,main/engineering_SpeedReducer/TFO/full/3,main,engineering,engineering_SpeedReducer,SpeedReducer,0,TFO,full,,3,1338281732,70000,70000,70000,ok,2993.887663182301,2994.47,-0.5823368176988879,0.0005514521587497434,11.368027342000005,5.03747136,,,,,,,,,,,
1,main/engineering_SpeedReducer/TFO-static/static/3,main,engineering,engineering_SpeedReducer,SpeedReducer,0,TFO-static,static,,3,1338281732,70000,70000,70000,ok,2993.951817225209,2994.47,-0.5181827747906027,0.0010071779550848703,11.637549770999613,5.138625307,,,,,,,,,,,
1,main/engineering_SpeedReducer/WOA/default/3,main,engineering,engineering_SpeedReducer,SpeedReducer,0,WOA,default,,3,1338281732,70000,69990,,self_terminated,2993.6342578352314,2994.47,-0.8357421647683623,0.0006864466015124027,10.78414511200026,5.237538044,,,,,,,,,,,
1,main/engineering_SpeedReducer/CMA-ES (IPOP)/default/3,main,engineering,engineering_SpeedReducer,SpeedReducer,0,CMA-ES (IPOP),default,,3,1338281732,70000,70000,,ok,2993.634257835224,2994.47,-0.8357421647756382,0.000686444132332209,3.4546150930000294,0.107741387,,,,,,,,,,,
1,main/engineering_SpeedReducer/L-SHADE/default/3,main,engineering,engineering_SpeedReducer,SpeedReducer,0,L-SHADE,default,,3,1338281732,70000,70000,,ok,2993.634257835224,2994.47,-0.8357421647756382,0.0006864441460028292,11.893734022999979,4.881787881,,,,,,,,,,,
1,main/engineering_SpeedReducer/GA/default/4,main,engineering,engineering_SpeedReducer,SpeedReducer,0,GA,default,,4,1688989833,70000,70000,,ok,2993.6342578352273,2994.47,-0.835742164772455,0.0006864442094240975,0.5542636969998966,0.17369802,,,,,,,,,,,
1,main/engineering_SpeedReducer/PSO/default/4,main,engineering,engineering_SpeedReducer,SpeedReducer,0,PSO,default,,4,1688989833,70000,70000,,ok,3033.385359408,2994.47,38.91535940800031,0.0005791170994908779,0.2767392089999703,0.179176863,,,,,,,,,,,
1,main/engineering_SpeedReducer/GWO/default/4,main,engineering,engineering_SpeedReducer,SpeedReducer,0,GWO,default,,4,1688989833,70000,70000,,ok,2994.5331011355515,2994.47,0.06310113555173302,0.0007102323673493505,0.3098027529999854,0.175430863,,,,,,,,,,,
1,main/engineering_SpeedReducer/CA/default/4,main,engineering,engineering_SpeedReducer,SpeedReducer,0,CA,default,,4,1688989833,70000,70000,,ok,2993.634257835224,2994.47,-0.8357421647756382,0.000686444300947997,1.511783178999849,0.399840467,,,,,,,,,,,
1,main/engineering_SpeedReducer/TFO/full/4,main,engineering,engineering_SpeedReducer,SpeedReducer,0,TFO,full,,4,1688989833,70000,70000,70000,ok,2993.654421287373,2994.47,-0.815578712626575,0.000712120677869299,12.043615281999791,5.280925609,,,,,,,,,,,
1,main/engineering_SpeedReducer/TFO-static/static/4,main,engineering,engineering_SpeedReducer,SpeedReducer,0,TFO-static,static,,4,1688989833,70000,70000,70000,ok,2993.8713793885604,2994.47,-0.5986206114394008,0.0004709539856855294,11.381552476000252,4.961112628,,,,,,,,,,,
1,main/engineering_SpeedReducer/WOA/default/4,main,engineering,engineering_SpeedReducer,SpeedReducer,0,WOA,default,,4,1688989833,70000,69990,,self_terminated,2993.6342578352246,2994.47,-0.8357421647751835,0.0006864442849154884,10.785398274000272,5.248282783,,,,,,,,,,,
1,main/engineering_SpeedReducer/CMA-ES (IPOP)/default/4,main,engineering,engineering_SpeedReducer,SpeedReducer,0,CMA-ES (IPOP),default,,4,1688989833,70000,70000,,ok,2993.6342578352246,2994.47,-0.8357421647751835,0.0006864445220389204,3.3369900540001254,0.116573188,,,,,,,,,,,
1,main/engineering_SpeedReducer/L-SHADE/default/4,main,engineering,engineering_SpeedReducer,SpeedReducer,0,L-SHADE,default,,4,1688989833,70000,70000,,ok,2993.634257835224,2994.47,-0.8357421647756382,0.0006864440609726241,11.870170225000038,4.899357594,,,,,,,,,,,
